{
  "main": {
    "id": "107180fbc51bf3aa",
    "type": "split",
    "children": [
      {
        "id": "a0ac5b15aafc44a0",
        "type": "tabs",
        "children": [
          {
            "id": "e2e32ba29c52e477",
            "type": "leaf",
            "state": {
              "type": "graph",
              "state": {}
            }
          }
        ]
      }
    ],
    "direction": "vertical"
  },
  "left": {
    "id": "904c98573f7c16b1",
    "type": "split",
    "children": [
      {
        "id": "90f3775ff78326d6",
        "type": "tabs",
        "children": [
          {
            "id": "769b0c2de24d02bf",
            "type": "leaf",
            "state": {
              "type": "file-explorer",
              "state": {
                "sortOrder": "alphabetical"
              }
            }
          },
          {
            "id": "716f6137d19f0bf9",
            "type": "leaf",
            "state": {
              "type": "search",
              "state": {
                "query": "",
                "matchingCase": false,
                "explainSearch": false,
                "collapseAll": false,
                "extraContext": false,
                "sortOrder": "alphabetical"
              }
            }
          },
          {
            "id": "9edceab0c2d1d01a",
            "type": "leaf",
            "state": {
              "type": "bookmarks",
              "state": {}
            }
          }
        ]
      }
    ],
    "direction": "horizontal",
    "width": 300
  },
  "right": {
    "id": "d11bd8cee32b8368",
    "type": "split",
    "children": [
      {
        "id": "660ff243b62fe187",
        "type": "tabs",
        "children": [
          {
            "id": "c4778a39583bfd6b",
            "type": "leaf",
            "state": {
              "type": "backlink",
              "state": {
                "collapseAll": false,
                "extraContext": false,
                "sortOrder": "alphabetical",
                "showSearch": false,
                "searchQuery": "",
                "backlinkCollapsed": false,
                "unlinkedCollapsed": true
              }
            }
          },
          {
            "id": "248200cb34b7f706",
            "type": "leaf",
            "state": {
              "type": "outgoing-link",
              "state": {
                "linksCollapsed": false,
                "unlinkedCollapsed": true
              }
            }
          },
          {
            "id": "8e34a2989557f0dd",
            "type": "leaf",
            "state": {
              "type": "tag",
              "state": {
                "sortOrder": "frequency",
                "useHierarchy": true
              }
            }
          },
          {
            "id": "1dfbe539d0ff49d8",
            "type": "leaf",
            "state": {
              "type": "outline",
              "state": {}
            }
          }
        ]
      }
    ],
    "direction": "horizontal",
    "width": 300,
    "collapsed": true
  },
  "left-ribbon": {
    "hiddenItems": {
      "audio-recorder:Start/stop recording": false,
      "switcher:Open quick switcher": false,
      "graph:Open graph view": false,
      "canvas:Create new canvas": false,
      "daily-notes:Open today's daily note": false,
      "templates:Insert template": false,
      "command-palette:Open command palette": false
    }
  },
  "active": "e2e32ba29c52e477",
  "lastOpenFiles": [
    "Untitled.canvas",
    "2023-08-16.md"
  ]
}