{
  "main": {
    "id": "547cc11d229c28c1",
    "type": "split",
    "children": [
      {
        "id": "ee5bc1434fc40fd5",
        "type": "tabs",
        "children": [
          {
            "id": "d868c3b219f70338",
            "type": "leaf",
            "state": {
              "type": "markdown",
              "state": {
                "file": "2023-08-07.md",
                "mode": "source",
                "source": false
              }
            }
          }
        ]
      }
    ],
    "direction": "vertical"
  },
  "left": {
    "id": "65df2b3c1276cc16",
    "type": "split",
    "children": [
      {
        "id": "cdf2ffa0bf209cc8",
        "type": "tabs",
        "children": [
          {
            "id": "94195d9fe3193803",
            "type": "leaf",
            "state": {
              "type": "file-explorer",
              "state": {
                "sortOrder": "alphabetical"
              }
            }
          },
          {
            "id": "920a2fa5731ec235",
            "type": "leaf",
            "state": {
              "type": "search",
              "state": {
                "query": "",
                "matchingCase": false,
                "explainSearch": false,
                "collapseAll": false,
                "extraContext": false,
                "sortOrder": "alphabetical"
              }
            }
          },
          {
            "id": "d40f4fcfc489e8a6",
            "type": "leaf",
            "state": {
              "type": "bookmarks",
              "state": {}
            }
          }
        ]
      }
    ],
    "direction": "horizontal",
    "width": 300,
    "collapsed": true
  },
  "right": {
    "id": "af5ed2720821efbb",
    "type": "split",
    "children": [
      {
        "id": "3c8cc27235cb18df",
        "type": "tabs",
        "children": [
          {
            "id": "2298b5b5017b09fe",
            "type": "leaf",
            "state": {
              "type": "backlink",
              "state": {
                "file": "2023-08-07.md",
                "collapseAll": false,
                "extraContext": false,
                "sortOrder": "alphabetical",
                "showSearch": false,
                "searchQuery": "",
                "backlinkCollapsed": false,
                "unlinkedCollapsed": true
              }
            }
          },
          {
            "id": "5fe82e4ccba10d08",
            "type": "leaf",
            "state": {
              "type": "outgoing-link",
              "state": {
                "file": "2023-08-07.md",
                "linksCollapsed": false,
                "unlinkedCollapsed": true
              }
            }
          },
          {
            "id": "5aef72fbe33b0777",
            "type": "leaf",
            "state": {
              "type": "tag",
              "state": {
                "sortOrder": "frequency",
                "useHierarchy": true
              }
            }
          },
          {
            "id": "fad08614034a61a4",
            "type": "leaf",
            "state": {
              "type": "outline",
              "state": {
                "file": "2023-08-07.md"
              }
            }
          }
        ]
      }
    ],
    "direction": "horizontal",
    "width": 300,
    "collapsed": true
  },
  "left-ribbon": {
    "hiddenItems": {
      "switcher:Open quick switcher": false,
      "graph:Open graph view": false,
      "canvas:Create new canvas": false,
      "daily-notes:Open today's daily note": false,
      "templates:Insert template": false,
      "command-palette:Open command palette": false
    }
  },
  "active": "d868c3b219f70338",
  "lastOpenFiles": [
    "Untitled.canvas",
    "2023-08-07.md"
  ]
}